first_name,last_name,email,password,phone_number
Tammy,McCay,tmccay0@ftc.gov,uiZJjc,7871913536
Alphonse,Scough,ascough1@jiathis.com,w06u82h8,3431347317
Louisa,Fautly,lfautly2@newsvine.com,YHdwOvL,5029482640
Sal,Verlinden,sverlinden3@gov.uk,9Nyodh,8642755253
Penny,Coleby,pcoleby4@twitter.com,izoClTrn,5768491766
Orv,Kerwood,okerwood5@auda.org.au,jRJCTvS,6289525300
Alaric,Wilbor,awilbor6@dagondesign.com,rIZ8VJm4,7596714339
Kalvin,Crannell,kcrannell7@springer.com,yYKlH67CxMB,2391111986
Lynn,Slimings,lslimings8@domainmarket.com,e65CFnXrIMw,6373300988
Constantino,Deare,cdeare9@lycos.com,CzJOhSZHm,5544633568
Sigfrid,Venturoli,sventurolia@bbb.org,wxmGxyk2u,4448289451
Kimmie,Bennit,kbennitb@apache.org,grqMoK,3988034326
Larine,Schankelborg,lschankelborgc@census.gov,QhtY4SXIPKY,8793532432
Charmain,Plaster,cplasterd@goodreads.com,iDx8XYMWqyr,5786650812
Olga,Vosper,ovospere@jimdo.com,D04DDwI,6924481718
Teodoro,Isaksson,tisakssonf@example.com,47Po4jZmADjt,7011963649
Rania,de Cullip,rdecullipg@cyberchimps.com,rY02aWTOj,6386720299
Lisle,Cawdell,lcawdellh@simplemachines.org,D0aXALIRyfd,4284953035
Meggi,Stanyforth,mstanyforthi@wisc.edu,xu6PNW,2292426751
Berti,Ourtic,bourticj@vistaprint.com,0QD09yj,7175594140
Alvera,Mary,amaryk@mediafire.com,ILUiBTVK,9274517714
Shandee,Biddell,sbiddelll@who.int,SOSa5Nko,1881322343
Sebastien,Shepherdson,sshepherdsonm@scientificamerican.com,a9ZPfQY,2156098543
Kimberlyn,Rollason,krollasonn@dion.ne.jp,ffMBx3,9231567601
Burnaby,Shorter,bshortero@columbia.edu,3wTAUaGaG0,5447499623
Beilul,Pashan,bpashanp@samsung.com,hoOlF0D,1234440935
Fern,Wenham,fwenhamq@aol.com,Kk3tRpYl,8338850197
Felicle,Hamnett,fhamnettr@indiegogo.com,g3CC7Xs,4475911160
Rozelle,Gilbanks,rgilbankss@netscape.com,VCQKERNTT8,5119115141
Linda,Latehouse,llatehouset@umn.edu,fROVgTmL,2148247180
Wenda,Bufton,wbuftonu@fastcompany.com,rV8vBctfuk,8796971781
Dulcine,Hince,dhincev@tmall.com,bCwwqz0qzf,2867565325
Gilbertine,Vanichkin,gvanichkinw@salon.com,w9QyCMjYOU,3308719085
Leland,Thurlborn,lthurlbornx@umich.edu,E6W5nq,3392293891
Saudra,Minter,smintery@statcounter.com,ywpXuH,7811974541
Michaeline,Kayne,mkaynez@ow.ly,SFM83DSb5,8576605639
Berky,Girod,bgirod10@earthlink.net,SgUzzL1,1856295401
Bren,Franckton,bfranckton11@miitbeian.gov.cn,SgRAojJW3,6955159551
Tiertza,Cutteridge,tcutteridge12@symantec.com,JWyGkhCBs,4666271900
Doretta,Lachaize,dlachaize13@adobe.com,opRE2IyunW,4887699523
Haven,Frane,hfrane14@slate.com,d48yJbW,7696915571
Lesley,Enrico,lenrico15@blinklist.com,UV379M0tmbBx,7104596149
Trstram,Novill,tnovill16@nhs.uk,k4injvb,4568083972
Jaimie,Bordis,jbordis17@imageshack.us,Em2L6n0,2195606096
Dwight,Musla,dmusla18@youtube.com,ojz4LGy,7943617049
Pinchas,Mound,pmound19@friendfeed.com,NdLulSF8kpBk,6545450830
Elwira,Greatham,egreatham1a@google.co.uk,r89K2A9X,7401677143
Sibley,Abramchik,sabramchik1b@indiegogo.com,umtRfuaYk,8505252216
Sheffie,Dearman,sdearman1c@storify.com,v9E66en,8757137218
Gennifer,Barrowcliff,gbarrowcliff1d@oaic.gov.au,rrPFfLFUW83,1585009753
Evvie,Vivash,evivash1e@answers.com,4p3ygptkZ,4091501953
Ethe,Elsmere,eelsmere1f@earthlink.net,ncSskXV,3755289954
Cathrin,Murricanes,cmurricanes1g@google.cn,gir1OY0Ke,1023720241
Margy,Bricknall,mbricknall1h@example.com,dVcYcLE8,9678430294
Austine,Loosemore,aloosemore1i@usgs.gov,nkGhYIAXPD,4205497786
Zondra,Ronchetti,zronchetti1j@feedburner.com,c8EUHcj,8741980498
Rube,Cawdell,rcawdell1k@skyrock.com,qNVRXWsKKpe,1873416955
Nikki,Matveiko,nmatveiko1l@digg.com,xbGYxxTPwl,7818044553
Faulkner,Streeten,fstreeten1m@meetup.com,XFD8hH9ovY8,9096943723
Catherine,Rice,crice1n@google.cn,vJkWZYepSl,6027707814
Hinze,Humfrey,hhumfrey1o@salon.com,r1YIzPXAJIr,1129879044
Gottfried,Kempston,gkempston1p@springer.com,BSD4EllP,7174509880
Sacha,Stannering,sstannering1q@pbs.org,Jxq4Gep,8086614148
Sephira,Deam,sdeam1r@marriott.com,1z5ZBb,5117991713
Elwyn,Cardoo,ecardoo1s@nhs.uk,OVIA4QvwG3,1818716539
Ivette,Pretti,ipretti1t@bloglovin.com,EyAQNmx1w8Ct,5838057325
Loni,Helian,lhelian1u@arstechnica.com,n7NOsEspd7,4368028347
Bartholomew,Lambell,blambell1v@wufoo.com,H4G9fweqfOm,1113448927
Vilma,Comiskey,vcomiskey1w@tamu.edu,0OCoQjL,6106826169
Zsa zsa,Kelf,zkelf1x@ucoz.com,ZfuBUrld5,7074226199
Ole,Anglin,oanglin1y@nih.gov,Lk4n0fA0s,2549990245
Stacy,Goathrop,sgoathrop1z@spiegel.de,iEnM2TctAKR,4958682141
Paige,Karpmann,pkarpmann20@google.fr,JpBAl2X5,6473735266
Sonni,Dunkinson,sdunkinson21@pbs.org,Pc8WEHm,6583208996
Vincent,Swoffer,vswoffer22@histats.com,WKUF2Qe7a9n,8101369679
Dolores,Abramski,dabramski23@house.gov,b0zZLv9FSM,9408189484
Renelle,Daniell,rdaniell24@bloglines.com,ZJijQZN,5087171274
Leda,Jeandeau,ljeandeau25@51.la,8HnBqV3r6z,3339337694
Arlin,Mungan,amungan26@shareasale.com,Bm7Z0rEObP,6186933579
Lynne,Shillinglaw,lshillinglaw27@mysql.com,ymk6Pvc,6466779981
Thorndike,Benham,tbenham28@theatlantic.com,cpVgHtkn3,4155982133
Dulcie,Carleman,dcarleman29@businessweek.com,gRxONHet,7221660085
Stanwood,Bogart,sbogart2a@epa.gov,15h2f8dQnocq,4179692890
Keelby,Bole,kbole2b@yelp.com,WvKIiUq,5638306715
Darin,Tees,dtees2c@free.fr,YKUHGhO6l,1509560527
Blythe,Farlambe,bfarlambe2d@mapy.cz,nHmCdu,4411065133
Luce,Rebichon,lrebichon2e@huffingtonpost.com,V2o5BGPh8oXp,2714142689
Meredith,Cruickshank,mcruickshank2f@mozilla.org,FPnle2DaALee,1331281780
Arch,Massot,amassot2g@comcast.net,aQLiBN,9451733507
Rudiger,Brickhill,rbrickhill2h@google.com.au,OnmH1TUmgS,1256232750
Sadie,Tiller,stiller2i@wikimedia.org,KYpXKvhh,8593549045
Paddie,Loweth,ploweth2j@flavors.me,4B40IPwnRiz,5406675175
Lilith,Demangeon,ldemangeon2k@wired.com,YhWhLaDN,3806967212
Arvy,Mushawe,amushawe2l@topsy.com,tA6s58fHEaxq,7823325812
Waylen,Seifenmacher,wseifenmacher2m@dmoz.org,CafHppEVwf,9321764825
Baldwin,Tite,btite2n@cafepress.com,mWSgSONMbOP,4388674039
Harland,Tevlin,htevlin2o@devhub.com,L5aweR,4898390716
Margit,De Moreno,mdemoreno2p@live.com,CwEDvfK,5943137587
Poppy,Setter,psetter2q@google.it,MKbcOqwUMJ78,7982663621
Ephraim,Crighten,ecrighten2r@vinaora.com,s3vu7qfTf,2534712122
Daffi,Persich,dpersich2s@gnu.org,TreHVB75d7,8506693346
Vanny,Dilliway,vdilliway2t@prnewswire.com,uINHEvuA,9562299304
Oran,Stolworthy,ostolworthy2u@wordpress.com,aVncDmIm,3555328082
Casey,Kersey,ckersey2v@about.com,9yQoOc9z8,9986354080
Tibold,Breem,tbreem2w@about.com,vKt2T9QgjW,7687679485
Mil,Tabrett,mtabrett2x@dot.gov,27SPmk,6368040713
Andrew,Jackways,ajackways2y@bluehost.com,6wPo5uOXvx,4179454133
Danella,Waberer,dwaberer2z@unesco.org,nGxrfV9Z,9178159757
Elbertine,Waddicor,ewaddicor30@reuters.com,xvIDMEXFZPcu,2409396465
Augustine,Marchelli,amarchelli31@dyndns.org,972x77yN,7436362633
Jen,Stayte,jstayte32@npr.org,r9K8wWF,1587830740
Tiena,Yeend,tyeend33@google.es,q7BJ1O,5908439475
Ronna,Quirke,rquirke34@umn.edu,wDf01MBvi,3243748944
Melisse,Morlon,mmorlon35@imageshack.us,rv3gnXmN2Ot7,2475076603
Angela,Randleson,arandleson36@hao123.com,bIsD8bw,5859779181
Cyb,Payle,cpayle37@nyu.edu,7h9qY83vrK,7184963132
Robert,BURWIN,rburwin38@timesonline.co.uk,zqQG9mRTL,6926795253
Ellette,Chinnick,echinnick39@cisco.com,qDQrb4,8384609134
Janeen,Cardoo,jcardoo3a@comcast.net,Opy2PaRy,3829058104
Kristi,Ledgister,kledgister3b@exblog.jp,jDXdTayY5,7377007038
Rita,Jaquemar,rjaquemar3c@go.com,JAxJ7R5Nl,4536598056
Culver,Adger,cadger3d@cdc.gov,ek4Btd,6021757480
Robers,Goldney,rgoldney3e@histats.com,yMUrCQKC,2338152273
Alvie,Crayton,acrayton3f@ted.com,9oiv8Tqm,3318723239
Rachelle,Snelman,rsnelman3g@mozilla.com,OJA9unQ,3203115592
Dyana,Gilder,dgilder3h@youku.com,HY0WTY,7218514769
Tabbie,Cuddihy,tcuddihy3i@harvard.edu,Td9qbSU,6067314627
Georgeanne,Dain,gdain3j@paypal.com,QxVJhUk,6171229308
Christabella,Bacup,cbacup3k@behance.net,qNpokzii,6058509827
Barri,Simkovitz,bsimkovitz3l@tinyurl.com,qc1husv79,3599236863
Cordie,Poulsen,cpoulsen3m@yelp.com,qWyVQdJ,3391608976
Ellissa,Savill,esavill3n@accuweather.com,yAXrj2nkGyfg,6829778985
Langsdon,Belbin,lbelbin3o@examiner.com,yTIyUD,3969129597
Bethany,Flaws,bflaws3p@dot.gov,Tf6tnqvFeDB,6911120371
Merlina,Galbreath,mgalbreath3q@virginia.edu,ObmiUCMpR2c,3897195381
Johann,Mitchiner,jmitchiner3r@privacy.gov.au,tBJKMcV,4953126435
Crawford,Barus,cbarus3s@cmu.edu,RJ0Jli4QB0p,8895827795
Munmro,Gott,mgott3t@about.me,gxKxln87,7425286806
Kinny,Meas,kmeas3u@techcrunch.com,Nd0ruJcZc,9312359339
Robinson,Orbine,rorbine3v@nymag.com,hTBoGqwPb,9281050715
Heywood,Andreev,handreev3w@123-reg.co.uk,IKkpl5X,8707004988
Chelsea,Viste,cviste3x@squarespace.com,yzWaxnHph6,2528426828
Ebonee,Fahy,efahy3y@constantcontact.com,UYnXftT,4424726158
Betti,Ambrogetti,bambrogetti3z@mozilla.org,7yXwRkPV,9489646349
Augustine,Derr,aderr40@zimbio.com,B74sSm8JA,7883114013
Willy,Eichmann,weichmann41@slashdot.org,htKc2Z67hHy,5226580291
Derek,Ainscough,dainscough42@who.int,AdD70WPPacW,4289124910
Yancy,Sauniere,ysauniere43@wufoo.com,ym2u5vg,9869656275
Silvie,Weakley,sweakley44@blogger.com,ZBrHPTkMVEl,5319948541
Silvano,Whatsize,swhatsize45@scribd.com,7QEnraNJb,1693999774
Murray,Royse,mroyse46@over-blog.com,gSUld4axvk,1395102062
Janot,Fergie,jfergie47@prweb.com,PwZr1vsRh1,5695699565
Oren,Wholesworth,owholesworth48@psu.edu,VVmkbg1oUre,4288376628
Boone,Jado,bjado49@flickr.com,byn6o2,1909871078
Elvis,Bumpas,ebumpas4a@google.fr,nvNcENJONc,1755596128
Babbie,Hambling,bhambling4b@parallels.com,CF6gdQC1,9905306036
Adelaida,Froud,afroud4c@wunderground.com,zGrO7b8,6429933811
Caria,Gammill,cgammill4d@goodreads.com,UoUgNvC,7252354000
Martica,Wearn,mwearn4e@artisteer.com,wRQljd,1842962005
Layne,Tirrey,ltirrey4f@vk.com,yOvzlUVC,8882043017
Aloysius,Maber,amaber4g@com.com,w9vzHeRR,9284885254
Griffy,Dark,gdark4h@drupal.org,ZKtdGOZrjK0V,8475441938
Sophronia,Fiorentino,sfiorentino4i@sohu.com,s7U292XoX,2169670535
Isabeau,Loffel,iloffel4j@rambler.ru,RzY3UIYj8hS,4376149406
Raul,Kettlesing,rkettlesing4k@studiopress.com,hh41VqzOn6J,4518575908
Olivero,Muttock,omuttock4l@ed.gov,QVxa9Kn,7263387014
Alis,Stove,astove4m@noaa.gov,Qs9QC42V,3939367293
Vassili,Kik,vkik4n@yelp.com,cc02Dn,7182216961
Sasha,Mordin,smordin4o@columbia.edu,yuP1Lu,4706415792
Ricoriki,Martinuzzi,rmartinuzzi4p@shutterfly.com,f5uvcW5,5976231272
Winna,Chaston,wchaston4q@furl.net,ND6hdwOangFC,1117174127
Ekaterina,Cramer,ecramer4r@discuz.net,4nXbJWJr2mQ,2227451914
Lewie,Cadney,lcadney4s@clickbank.net,VSVGJ68NeveL,7618566885
Camilla,Ladbrook,cladbrook4t@yandex.ru,O5ugDTpjtG9v,4521914282
Mellisa,Overstreet,moverstreet4u@ask.com,Ex2R8PhtAUG4,5111691656
Matthiew,Ludron,mludron4v@gov.uk,6oMQwXE70ipv,5208781540
Felita,Peare,fpeare4w@utexas.edu,850BKzJ,1849282803
Marilyn,Towers,mtowers4x@creativecommons.org,1UbOjRgp8,7799034327
Dylan,Jeans,djeans4y@blogtalkradio.com,8mEjBj4i3,2774580612
Sergent,Woolnough,swoolnough4z@ed.gov,xWaqN1fpcPuE,1897474674
Shani,Pancast,spancast50@nature.com,tm7ttckNS0,6553931432
Ario,Bigglestone,abigglestone51@state.tx.us,ewoCT4mHlw,2469834264
Lorettalorna,Cicchinelli,lcicchinelli52@mapquest.com,sUWpWSVHQCvK,7606099782
Wilden,Guiducci,wguiducci53@ucsd.edu,7xOXZG8ca,7909609348
Joyce,Marriott,jmarriott54@sun.com,wN08Vxlryz,7725051032
Nollie,Halsted,nhalsted55@hubpages.com,PCwxT3d,7631954270
Zachary,Roe,zroe56@constantcontact.com,xhw2OY9,5682199076
Thibaut,Gilcriest,tgilcriest57@arstechnica.com,eToHSWGV2OC,5106805125
Dov,Vogeller,dvogeller58@house.gov,L2cx9M4WHd,1975049830
Ophelie,Adamou,oadamou59@istockphoto.com,J2lsHld,9618801372
Ty,Bruty,tbruty5a@google.com,157Afhc0,4145060081
Venita,Scholz,vscholz5b@nature.com,YZOHG7n,3113333296
Euell,Hawkswood,ehawkswood5c@china.com.cn,X6BQ4LP,2382601482
Tatum,Kite,tkite5d@state.gov,zReY89,3187865872
Beatriz,Collaton,bcollaton5e@accuweather.com,8hM7lls,8204004298
Kacy,Emburey,kemburey5f@tripod.com,4aRPWuy,7142586541
Rozelle,Ainsley,rainsley5g@wiley.com,CJJHd7gWiR,9471775353
Alyda,Pargent,apargent5h@usnews.com,eXoR7fqtSMB,3655001414
Zitella,Garfath,zgarfath5i@themeforest.net,wnpmEISrpxL,9688853051
Angel,Gladding,agladding5j@biglobe.ne.jp,Ux0SIh,2795676770
Aila,Aikin,aaikin5k@google.com.au,0lCGf8CmwK,1115715251
Eimile,Atcheson,eatcheson5l@google.it,rG75KoxWH,5987369875
Carce,Horrigan,chorrigan5m@trellian.com,KItmV1c1m2g,7856225083
Vernen,Marquis,vmarquis5n@techcrunch.com,VyK8Pax,2455769177
Justinn,Collcutt,jcollcutt5o@latimes.com,u2AAMu07TA,5169515142
Else,Carvell,ecarvell5p@ning.com,nQukpRtb6,6954165450
Brock,Bromwich,bbromwich5q@stanford.edu,ou7Uhz1MnDH,3617321963
Tiphani,Thuillier,tthuillier5r@squarespace.com,Vm4B5j,9814548275
Edna,Leander,eleander5s@ehow.com,7XM07HJDbIb,3462804137
Raina,Josupeit,rjosupeit5t@prweb.com,PZHurt2DPO,5412067826
Petey,Oldacres,poldacres5u@fastcompany.com,gNA1L48N1d8H,6452204954
Niccolo,Meachen,nmeachen5v@cnet.com,tJHBLa2,4693638758
Terrence,Reveland,treveland5w@aboutads.info,Ty9pqrDZLW4w,4672745281
Hadria,McMahon,hmcmahon5x@themeforest.net,E36kUU41awf,6584553913
Ernestus,Nettleship,enettleship5y@github.com,c0UZdH,6057545131
Isador,Klees,iklees5z@miitbeian.gov.cn,w4xN5g17hkM,3569198346
Rudie,McElvogue,rmcelvogue60@devhub.com,TzF04XomWc66,8801136536
Lonee,Iacoboni,liacoboni61@wisc.edu,eXeNi10mM,5213062161
Calhoun,Teece,cteece62@vistaprint.com,aqy1D4lUTw,4691941714
Drucie,Jochen,djochen63@wsj.com,5f1QvP1Bqc,9668443780
Gerard,Covell,gcovell64@businesswire.com,nfhoXXvEF,4054953694
Aldis,Ferentz,aferentz65@theguardian.com,6yWn4z5yoo,3485850435
Newton,Parell,nparell66@hatena.ne.jp,gu8vnfu0eqWu,1993858930
Hunt,Fullun,hfullun67@umn.edu,KGHubZ9cujP,7397775788
Micaela,True,mtrue68@youtube.com,PJemijtspVz,6939681124
Kati,Naul,knaul69@fc2.com,Mrj0hZZo,6455536456
Zechariah,Libbie,zlibbie6a@cdc.gov,RViVfwBH,7008983760
Chancey,Swann,cswann6b@boston.com,895Sq0BQvz8,5189775149
Deanna,Farnes,dfarnes6c@4shared.com,YkroRocFDP4,1749830005
Daria,Boscott,dboscott6d@reuters.com,e9AQejKDqVw,3038521906
Hallie,Aaronsohn,haaronsohn6e@umn.edu,IQbQiLcA0,8341161753
George,Farrant,gfarrant6f@amazon.com,EecXvWhg,7472060808
Aeriel,Rumney,arumney6g@stumbleupon.com,h6eiCuafhTe,8123938671
Eal,Willingam,ewillingam6h@bravesites.com,6rx3yLx,1974059028
Fowler,Hortop,fhortop6i@google.it,qty2osbdQc,6796894711
Tomas,Fairholme,tfairholme6j@thetimes.co.uk,6PiZyF6Cb,2022015283
Renard,Amorts,ramorts6k@goo.ne.jp,0GWRwO98RUd,6184536577
Gard,Rosling,grosling6l@163.com,fDIbVMMj,7205845924
Clayborn,McFarlan,cmcfarlan6m@shinystat.com,iDmHcCi,1183719944
Seana,Cruz,scruz6n@scribd.com,1W9vAMOMH,7079714640
Elspeth,Perschke,eperschke6o@list-manage.com,eKxACQ8la,3263566234
Wells,Seedhouse,wseedhouse6p@php.net,vcf8Fh,7822454667
Silvio,Chidzoy,schidzoy6q@tinypic.com,fHtk1QN3EfCc,3067822309
Maegan,Annwyl,mannwyl6r@cbslocal.com,KCFFkW3b6pU9,5913723400
Garvey,Saintsbury,gsaintsbury6s@themeforest.net,5WavwrBDNn,4384677043
Bernie,Tranfield,btranfield6t@boston.com,xuYGv76b,7246686408
Nevil,Mattek,nmattek6u@google.com.au,9ZsSLfbRIem,8735517825
Esma,Goning,egoning6v@icq.com,F6g7U8,6255345390
Mimi,Hutchcraft,mhutchcraft6w@etsy.com,Cxoi1r0se,7069681528
Colan,Trolley,ctrolley6x@earthlink.net,qdPfte7yyWU,6709821487
Adelice,Rumble,arumble6y@ycombinator.com,JPDWK9m81o,2706056617
Hayyim,Pitway,hpitway6z@dmoz.org,Pzbz57,1065382239
Marci,Shailer,mshailer70@hubpages.com,ObfSSIYeXE,9557540559
D'arcy,Blewett,dblewett71@cmu.edu,McDQLS,6266877620
Bendix,Zannetti,bzannetti72@phoca.cz,UnFXfNCrWkO,7032765176
Basia,Gofforth,bgofforth73@wufoo.com,qEtCMiSKTkA0,3288690933
Colan,Huckin,chuckin74@ifeng.com,5YoHgiMooMwt,4928766092
Sherrie,Grinham,sgrinham75@techcrunch.com,RtBWVvlgyOj,2878917589
Beatrix,Suerz,bsuerz76@twitpic.com,k3VntnRCX,6259143574
Christalle,Emmitt,cemmitt77@home.pl,0BwpleVgGsg,9403333770
Carena,Gouck,cgouck78@wp.com,5LE7gV33cz,7312232869
Dita,Frohock,dfrohock79@delicious.com,iUfw8C9,1316515918
Stephen,Cristoferi,scristoferi7a@va.gov,WPez4NPM,1228153005
Darcee,Josskoviz,djosskoviz7b@yellowpages.com,gaYGnvPH,1068093614
Jodi,Brumfitt,jbrumfitt7c@ask.com,WtMAu5DBhLp,9979751341
Guglielmo,MacKaile,gmackaile7d@creativecommons.org,WBnLZ9N9C8V,4565800853
Godfree,Robb,grobb7e@de.vu,Mgv78qF,6331876460
Odette,Giblin,ogiblin7f@noaa.gov,meybsYYHHh,7647683073
Annamaria,Gritsunov,agritsunov7g@bravesites.com,WlWZeDNA,5167479000
Reena,Tax,rtax7h@skyrock.com,SBUvTai,6869285374
Mauricio,Matousek,mmatousek7i@wisc.edu,nGDVbKcF5nH,3829300417
Waite,Chopy,wchopy7j@dailymail.co.uk,GyFNzRjlazz,8814704019
Maria,Stansbie,mstansbie7k@xinhuanet.com,mPxOJkj8nlp,5644359231
Gertrude,Frensch,gfrensch7l@icio.us,n5eChXrPIyqn,9829906106
Esme,Birbeck,ebirbeck7m@irs.gov,ac9irI63KP,6997852437
Sadella,Robinette,srobinette7n@auda.org.au,ARdNrIf6U,3811339518
Alverta,Temby,atemby7o@cdc.gov,y1vPdEHvYSB,1805834936
Arie,Sterndale,asterndale7p@about.com,HJDZBbP,3952112731
Althea,Sedman,asedman7q@nhs.uk,VpsXkruDwGf,3751849708
Auberta,Kincla,akincla7r@mozilla.org,Vw6p3RzsYOB,8439355516
Rhiamon,Hatwells,rhatwells7s@google.com.au,DsfbJrgnz,1422623904
Arty,Espada,aespada7t@soundcloud.com,RJswxa7fMv,5883029159
Abbe,Krammer,akrammer7u@paypal.com,2MbIqu,8636576678
Goldie,Swiffen,gswiffen7v@gov.uk,6csIlxdur5,9059743138
Nikolos,Connue,nconnue7w@upenn.edu,baKMJAWLP,9887661742
Fran,Nancekivell,fnancekivell7x@tmall.com,x0eOD8Y9vSV0,4813028825
Esme,Simeone,esimeone7y@theatlantic.com,EQJdWcxTO,5536996116
Reyna,Broadway,rbroadway7z@ow.ly,owwOHMjHCv,6573882453
Andi,Brewis,abrewis80@opera.com,FagNzaiAbIiX,1015724167
Gamaliel,Aldwinckle,galdwinckle81@independent.co.uk,auRjzP,1135925077
Whittaker,Maevela,wmaevela82@cmu.edu,gdqBDmLpmkx,7848832846
Deeanne,Smalecombe,dsmalecombe83@amazonaws.com,c5zchhpxfvXU,9486438996
Kim,Reany,kreany84@wp.com,Rxj1O7tx,7058637793
Land,Mourant,lmourant85@ox.ac.uk,3Gh4njCQ6anu,2794237073
Petey,Shillinglaw,pshillinglaw86@ucsd.edu,LoZbkMxmMF,2504788639
Daryl,McKoy,dmckoy87@reverbnation.com,mSULLDQpz9Ll,5662754611
Oralee,Benzies,obenzies88@ebay.com,Xd5lnECr,1279234394
Ritchie,Harries,rharries89@cyberchimps.com,gD8OLs911e,9323958772
Ali,de Keyser,adekeyser8a@nifty.com,SO6E1YGX7Db,3418404017
Brade,Groves,bgroves8b@goodreads.com,mNAtvUZiPrlR,6424331901
